"Author","Name variants","Affiliation","Level 1","Level 2","Level 3","Scopus Author ID","PBN ID"
"Doman, Ryszard",,"Mickiewicza","Wydział Matematyki i Informatyki UAM","Matematyka WMI UAM","Pracownia Ekonometrii Finansowej",16446752900,1480303
"Płuciennik, Piotr",,"Mickiewicza","Wydział Matematyki i Informatyki UAM","Matematyka WMI UAM","Pracownia Ekonometrii Finansowej",55676503500,3934775
"Czarnowski, Roman",,"Mickiewicza","Wydział Matematyki i Informatyki UAM","Matematyka WMI UAM","Zakład Algebry i Teorii Liczb",,
"Gierszewski, Karol",,"Mickiewicza","Wydział Matematyki i Informatyki UAM","Matematyka WMI UAM","Zakład Algebry i Teorii Liczb",56014593400,
"Grześkowiak, Maciej",,"Mickiewicza","Wydział Matematyki i Informatyki UAM","Matematyka WMI UAM","Zakład Algebry i Teorii Liczb",15135891900,1480328
"Kaczorowski, Jerzy",,"Mickiewicza","Wydział Matematyki i Informatyki UAM","Matematyka WMI UAM","Zakład Algebry i Teorii Liczb",56235220100,969486
"Łydka, Adrian",,"Mickiewicza","Wydział Matematyki i Informatyki UAM","Matematyka WMI UAM","Zakład Algebry i Teorii Liczb",56125846100,1480357
"Mance, Bill",,"Mickiewicza","Wydział Matematyki i Informatyki UAM","Matematyka WMI UAM","Zakład Algebry i Teorii Liczb",35764782200,
"Pańkowski, Łukasz",,"Mickiewicza","Wydział Matematyki i Informatyki UAM","Matematyka WMI UAM","Zakład Algebry i Teorii Liczb",23489863400,1480364
"Radziejewski, Maciej",,"Mickiewicza","Wydział Matematyki i Informatyki UAM","Matematyka WMI UAM","Zakład Algebry i Teorii Liczb",6506055191,1480321
"Rutkowski, Jerzy",,"Mickiewicza","Wydział Matematyki i Informatyki UAM","Matematyka WMI UAM","Zakład Algebry i Teorii Liczb",,
"Werbiński, Tadeusz",,"Mickiewicza","Wydział Matematyki i Informatyki UAM","Matematyka WMI UAM","Zakład Algebry i Teorii Liczb",,
"Wiertelak, Kazimierz",,"Mickiewicza","Wydział Matematyki i Informatyki UAM","Matematyka WMI UAM","Zakład Algebry i Teorii Liczb",16403957000,1480305
"Berlińska, Joanna",,"Mickiewicza","Wydział Matematyki i Informatyki UAM","Informatyka WMI UAM","Zakład Algorytmiki i Metod Numerycznych",27367536100,1480369
"Dębczyński, Marek",,"Mickiewicza","Wydział Matematyki i Informatyki UAM","Informatyka WMI UAM","Zakład Algorytmiki i Metod Numerycznych",55433088300,3961625
"Gawiejnowicz, Stanisław",,"Mickiewicza","Wydział Matematyki i Informatyki UAM","Informatyka WMI UAM","Zakład Algorytmiki i Metod Numerycznych",6508334910,3934774
"Kaczmarek, Jan",,"Mickiewicza","Wydział Matematyki i Informatyki UAM","Informatyka WMI UAM","Zakład Algorytmiki i Metod Numerycznych",,
"Kurc, Wiesław",,"Mickiewicza","Wydział Matematyki i Informatyki UAM","Informatyka WMI UAM","Zakład Algorytmiki i Metod Numerycznych",14034397800,1480276
"Marciniak, Jakub",,"Mickiewicza","Wydział Matematyki i Informatyki UAM","Informatyka WMI UAM","Zakład Algorytmiki i Metod Numerycznych",36245476700,
"Palka, Zbigniew",,"Mickiewicza","Wydział Matematyki i Informatyki UAM","Informatyka WMI UAM","Zakład Algorytmiki i Metod Numerycznych",6602881903,922717
"Pankowska, Lidia",,"Mickiewicza","Wydział Matematyki i Informatyki UAM","Informatyka WMI UAM","Zakład Algorytmiki i Metod Numerycznych",9536023900,
"Pankowski, Tadeusz",,"Mickiewicza","Wydział Matematyki i Informatyki UAM","Informatyka WMI UAM","Zakład Algorytmiki i Metod Numerycznych",22433658500,
"Przybylski, Bartłomiej",,"Mickiewicza","Wydział Matematyki i Informatyki UAM","Informatyka WMI UAM","Zakład Algorytmiki i Metod Numerycznych",57190976634,4021410
"Ren-Kurc, Anna",,"Mickiewicza","Wydział Matematyki i Informatyki UAM","Informatyka WMI UAM","Zakład Algorytmiki i Metod Numerycznych",24435816600,925542
"Suwalski, Cezary",,"Mickiewicza","Wydział Matematyki i Informatyki UAM","Informatyka WMI UAM","Zakład Algorytmiki i Metod Numerycznych",14034559300,3934771
"Szulc, Tomasz",,"Mickiewicza","Wydział Matematyki i Informatyki UAM","Informatyka WMI UAM","Zakład Algorytmiki i Metod Numerycznych",6601982269,1480301
"Waszak, Aleksander",,"Mickiewicza","Wydział Matematyki i Informatyki UAM","Informatyka WMI UAM","Zakład Algorytmiki i Metod Numerycznych",57189547518,
"Wojtera-Tyrakowska, Dominika",,"Mickiewicza","Wydział Matematyki i Informatyki UAM","Informatyka WMI UAM","Zakład Algorytmiki i Metod Numerycznych",8327145500,1480371
"Żurowski, Marcin",,"Mickiewicza","Wydział Matematyki i Informatyki UAM","Informatyka WMI UAM","Zakład Algorytmiki i Metod Numerycznych",57204631452,
"Ciaś, Tomasz",,"Mickiewicza","Wydział Matematyki i Informatyki UAM","Matematyka WMI UAM","Zakład Analizy Funkcjonalnej",55924084700,3994330
"Domański, Paweł",,"Mickiewicza","Wydział Matematyki i Informatyki UAM","Matematyka WMI UAM","Zakład Analizy Funkcjonalnej",55406415600,969017
"Drewnowski, Lech",,"Mickiewicza","Wydział Matematyki i Informatyki UAM","Matematyka WMI UAM","Zakład Analizy Funkcjonalnej",6506082578,1480308
"Golińska, Anna","Czyżak, Anna","Mickiewicza","Wydział Matematyki i Informatyki UAM","Matematyka WMI UAM","Zakład Analizy Funkcjonalnej",57008132000,
"Goliński, Michał",,"Mickiewicza","Wydział Matematyki i Informatyki UAM","Matematyka WMI UAM","Zakład Analizy Funkcjonalnej",57193343706,3952195
"Kąkol, Jerzy",,"Mickiewicza","Wydział Matematyki i Informatyki UAM","Matematyka WMI UAM","Zakład Analizy Funkcjonalnej",6603901055,1480285
"Kasprzak, Henryk",,"Mickiewicza","Wydział Matematyki i Informatyki UAM","Matematyka WMI UAM","Zakład Analizy Funkcjonalnej",57194168107,
"Michalak, Artur",,"Mickiewicza","Wydział Matematyki i Informatyki UAM","Matematyka WMI UAM","Zakład Analizy Funkcjonalnej",35937449400,1480346
"Nawrocki, Marek",,"Mickiewicza","Wydział Matematyki i Informatyki UAM","Matematyka WMI UAM","Zakład Analizy Funkcjonalnej",7003773478,1480289
"Piszczek, Krzysztof",,"Mickiewicza","Wydział Matematyki i Informatyki UAM","Matematyka WMI UAM","Zakład Analizy Funkcjonalnej",26030542000,1480347
"Przestacki, Adam",,"Mickiewicza","Wydział Matematyki i Informatyki UAM","Matematyka WMI UAM","Zakład Analizy Funkcjonalnej",55425556200,3995615
"Śliwa, Wiesław",,"Mickiewicza","Wydział Matematyki i Informatyki UAM","Matematyka WMI UAM","Zakład Analizy Funkcjonalnej",7005626181,1480342
"Wnuk, Witold",,"Mickiewicza","Wydział Matematyki i Informatyki UAM","Matematyka WMI UAM","Zakład Analizy Funkcjonalnej",24527860800,1480287
"Zioło, Piotr",,"Mickiewicza","Wydział Matematyki i Informatyki UAM","Matematyka WMI UAM","Zakład Analizy Funkcjonalnej",36521780600,
"Dutkiewicz, Aldona",,"Mickiewicza","Wydział Matematyki i Informatyki UAM","Matematyka WMI UAM","Zakład Analizy Matematycznej",25930806300,1480317
"Jasiczak, Michał",,"Mickiewicza","Wydział Matematyki i Informatyki UAM","Matematyka WMI UAM","Zakład Analizy Matematycznej",6507123282,3934878
"Migda, Janusz",,"Mickiewicza","Wydział Matematyki i Informatyki UAM","Matematyka WMI UAM","Zakład Analizy Matematycznej",7801483562,1480288
"Sołtysiak, Andrzej",,"Mickiewicza","Wydział Matematyki i Informatyki UAM","Matematyka WMI UAM","Zakład Analizy Matematycznej",7004844860,1480298
"Szufla, Stanisław",,"Mickiewicza","Wydział Matematyki i Informatyki UAM","Matematyka WMI UAM","Zakład Analizy Matematycznej",6507225888,
"Banaszak, Grzegorz",,"Mickiewicza","Wydział Matematyki i Informatyki UAM","Matematyka WMI UAM","Zakład Arytmetycznej Geometrii Algebraicznej",56017372900,1480338
"Barańczuk, Stefan",,"Mickiewicza","Wydział Matematyki i Informatyki UAM","Matematyka WMI UAM","Zakład Arytmetycznej Geometrii Algebraicznej",13606208800,1480350
"Blinkiewicz, Dorota",,"Mickiewicza","Wydział Matematyki i Informatyki UAM","Matematyka WMI UAM","Zakład Arytmetycznej Geometrii Algebraicznej",57201503830,4021396
"Kaim, Aleksandra",,"Mickiewicza","Wydział Matematyki i Informatyki UAM","Matematyka WMI UAM","Zakład Arytmetycznej Geometrii Algebraicznej",,
"Rzonsowski, Piotr",,"Mickiewicza","Wydział Matematyki i Informatyki UAM","Matematyka WMI UAM","Zakład Arytmetycznej Geometrii Algebraicznej",56436842800,1480366
"Szydło, Bogdan",,"Mickiewicza","Wydział Matematyki i Informatyki UAM","Matematyka WMI UAM","Zakład Arytmetycznej Geometrii Algebraicznej",16067487300,1480334
"Uetake, Yoichi",,"Mickiewicza","Wydział Matematyki i Informatyki UAM","Matematyka WMI UAM","Zakład Arytmetycznej Geometrii Algebraicznej",7003686940,1480340
"Adamczak, Magdalena",,"Mickiewicza","Wydział Matematyki i Informatyki UAM","Matematyka WMI UAM","Zakład Dydaktyki Matematyki",,924040
"Juskowiak, Edyta",,"Mickiewicza","Wydział Matematyki i Informatyki UAM","Matematyka WMI UAM","Zakład Dydaktyki Matematyki",,1480372
"Korcz, Maria",,"Mickiewicza","Wydział Matematyki i Informatyki UAM","Matematyka WMI UAM","Zakład Dydaktyki Matematyki",,899469
"Machowski, Stanisław",,"Mickiewicza","Wydział Matematyki i Informatyki UAM","Matematyka WMI UAM","Zakład Dydaktyki Matematyki",,
"Maciejewska, Aleksandra",,"Mickiewicza","Wydział Matematyki i Informatyki UAM","Matematyka WMI UAM","Zakład Dydaktyki Matematyki",,
"Nowińska, Edyta",,"Mickiewicza","Wydział Matematyki i Informatyki UAM","Matematyka WMI UAM","Zakład Dydaktyki Matematyki",,1480361
"Sierocka, Janina",,"Mickiewicza","Wydział Matematyki i Informatyki UAM","Matematyka WMI UAM","Zakład Dydaktyki Matematyki",,
"Stróżyk, Joanna",,"Mickiewicza","Wydział Matematyki i Informatyki UAM","Matematyka WMI UAM","Zakład Dydaktyki Matematyki",6506590598,
"Winnicki, Krzysztof",,"Mickiewicza","Wydział Matematyki i Informatyki UAM","Matematyka WMI UAM","Zakład Dydaktyki Matematyki",,
"Bzdęga, Bartłomiej",,"Mickiewicza","Wydział Matematyki i Informatyki UAM","Matematyka WMI UAM","Zakład Geometrii Algebraicznej i Diofantycznej",54683386600,3916833
"Gajda, Wojciech",,"Mickiewicza","Wydział Matematyki i Informatyki UAM","Matematyka WMI UAM","Zakład Geometrii Algebraicznej i Diofantycznej",6603558796,1480333
"Garnek, Jędrzej",,"Mickiewicza","Wydział Matematyki i Informatyki UAM","Matematyka WMI UAM","Zakład Geometrii Algebraicznej i Diofantycznej",57195945430,
"Górnisiewicz, Krzysztof",,"Mickiewicza","Wydział Matematyki i Informatyki UAM","Matematyka WMI UAM","Zakład Geometrii Algebraicznej i Diofantycznej",27067742400,1480348
"Narożańska, Magdalena",,"Mickiewicza","Wydział Matematyki i Informatyki UAM","Matematyka WMI UAM","Zakład Geometrii Algebraicznej i Diofantycznej",,
"Naskręcki, Bartosz",,"Mickiewicza","Wydział Matematyki i Informatyki UAM","Matematyka WMI UAM","Zakład Geometrii Algebraicznej i Diofantycznej",55847416700,3994170
"Nizio, Łukasz",,"Mickiewicza","Wydział Matematyki i Informatyki UAM","Matematyka WMI UAM","Zakład Geometrii Algebraicznej i Diofantycznej",,
"Biadasiewicz, Bartosz",,"Mickiewicza","Wydział Matematyki i Informatyki UAM","Matematyka WMI UAM","Zakład Geometrii i Topologii",,
"Błaszczyk, Zbigniew",,"Mickiewicza","Wydział Matematyki i Informatyki UAM","Matematyka WMI UAM","Zakład Geometrii i Topologii",55113412500,3953410
"Carrasquel-Vera, José",,"Mickiewicza","Wydział Matematyki i Informatyki UAM","Matematyka WMI UAM","Zakład Geometrii i Topologii",57201447051,4003498
"Gaszak, Andrzej",,"Mickiewicza","Wydział Matematyki i Informatyki UAM","Matematyka WMI UAM","Zakład Geometrii i Topologii",,
"Jarząbek, Michał","Jarzabek, Michal","Mickiewicza","Wydział Matematyki i Informatyki UAM","Matematyka WMI UAM","Zakład Geometrii i Topologii",57200042568,4145343
"Kaluba, Marek",,"Mickiewicza","Wydział Matematyki i Informatyki UAM","Matematyka WMI UAM","Zakład Geometrii i Topologii",56957070400,3980552
"Marchwicka, Maria",,"Mickiewicza","Wydział Matematyki i Informatyki UAM","Matematyka WMI UAM","Zakład Geometrii i Topologii",,
"Marzantowicz, Wacław",,"Mickiewicza","Wydział Matematyki i Informatyki UAM","Matematyka WMI UAM","Zakład Geometrii i Topologii",6602805246,1480294
"Michalak, Łukasz",,"Mickiewicza","Wydział Matematyki i Informatyki UAM","Matematyka WMI UAM","Zakład Geometrii i Topologii",57205469038,
"Mizerka, Piotr",,"Mickiewicza","Wydział Matematyki i Informatyki UAM","Matematyka WMI UAM","Zakład Geometrii i Topologii",,
"Pawałowski, Krzysztof",,"Mickiewicza","Wydział Matematyki i Informatyki UAM","Matematyka WMI UAM","Zakład Geometrii i Topologii",7801505117,1480295
"Politarczyk, Wojciech",,"Mickiewicza","Wydział Matematyki i Informatyki UAM","Matematyka WMI UAM","Zakład Geometrii i Topologii",57193740917,3996064
"Przewocki, Janusz",,"Mickiewicza","Wydział Matematyki i Informatyki UAM","Matematyka WMI UAM","Zakład Geometrii i Topologii",55806528400,3995270
"Pulikowski, Jan",,"Mickiewicza","Wydział Matematyki i Informatyki UAM","Matematyka WMI UAM","Zakład Geometrii i Topologii",,
"Kubis, Marek",,"Mickiewicza","Wydział Matematyki i Informatyki UAM","Informatyka WMI UAM","Zakład Lingwistyki Informatycznej i Sztucznej Inteligencji",37060993500,3993618
"Marciniak, Jacek",,"Mickiewicza","Wydział Matematyki i Informatyki UAM","Informatyka WMI UAM","Zakład Lingwistyki Informatycznej i Sztucznej Inteligencji",7003644376,3934773
"Obrębski, Tomasz",,"Mickiewicza","Wydział Matematyki i Informatyki UAM","Informatyka WMI UAM","Zakład Lingwistyki Informatycznej i Sztucznej Inteligencji",23392959000,3934772
"Osiński, Jędrzej",,"Mickiewicza","Wydział Matematyki i Informatyki UAM","Informatyka WMI UAM","Zakład Lingwistyki Informatycznej i Sztucznej Inteligencji",35107628900,
"Taberski, Grzegorz",,"Mickiewicza","Wydział Matematyki i Informatyki UAM","Informatyka WMI UAM","Zakład Lingwistyki Informatycznej i Sztucznej Inteligencji",53265051000,
"Vetulani, Zygmunt",,"Mickiewicza","Wydział Matematyki i Informatyki UAM","Informatyka WMI UAM","Zakład Lingwistyki Informatycznej i Sztucznej Inteligencji",7801695498,1210265
"Walkowska, Justyna",,"Mickiewicza","Wydział Matematyki i Informatyki UAM","Informatyka WMI UAM","Zakład Lingwistyki Informatycznej i Sztucznej Inteligencji",24923923500,
"Bondecka-Krzykowska, Izabela",,"Mickiewicza","Wydział Matematyki i Informatyki UAM","Matematyka WMI UAM","Zakład Logiki Matematycznej",26035130400,1480320
"Murawski, Roman",,"Mickiewicza","Wydział Matematyki i Informatyki UAM","Matematyka WMI UAM","Zakład Logiki Matematycznej",6507192054,1480282
"Świrydowicz, Kazimierz",,"Mickiewicza","Wydział Matematyki i Informatyki UAM","Matematyka WMI UAM","Zakład Logiki Matematycznej",6507142888,1480299
"Typańska, Lidia",,"Mickiewicza","Wydział Matematyki i Informatyki UAM","Matematyka WMI UAM","Zakład Logiki Matematycznej",56048371100,
"Antoniuk, Sylwia",,"Mickiewicza","Wydział Matematyki i Informatyki UAM","Informatyka WMI UAM","Zakład Matematyki Dyskretnej",41761106300,3956490
"Banaszak, Justyna","Tabor, Justyna","Mickiewicza","Wydział Matematyki i Informatyki UAM","Informatyka WMI UAM","Zakład Matematyki Dyskretnej",6603926221,4021415
"Bednarska-Bzdęga, Małgorzata",,"Mickiewicza","Wydział Matematyki i Informatyki UAM","Informatyka WMI UAM","Zakład Matematyki Dyskretnej",6603924000,1480330
"Bystrzycki, Rafał",,"Mickiewicza","Wydział Matematyki i Informatyki UAM","Informatyka WMI UAM","Zakład Matematyki Dyskretnej",57201255360,
"Dołęga, Maciej",,"Mickiewicza","Wydział Matematyki i Informatyki UAM","Informatyka WMI UAM","Zakład Matematyki Dyskretnej",55193473500,3963624
"Gdala, Tomasz",,"Mickiewicza","Wydział Matematyki i Informatyki UAM","Informatyka WMI UAM","Zakład Matematyki Dyskretnej",9841556500,
"Jackowska-Boryc, Eliza",,"Mickiewicza","Wydział Matematyki i Informatyki UAM","Informatyka WMI UAM","Zakład Matematyki Dyskretnej",56856847700,4021405
"Jaworski, Jerzy",,"Mickiewicza","Wydział Matematyki i Informatyki UAM","Informatyka WMI UAM","Zakład Matematyki Dyskretnej",7005129803,1480290
"Karoński, Michał",,"Mickiewicza","Wydział Matematyki i Informatyki UAM","Informatyka WMI UAM","Zakład Matematyki Dyskretnej",6701917275,1480309
"Łuczak, Tomasz",,"Mickiewicza","Wydział Matematyki i Informatyki UAM","Informatyka WMI UAM","Zakład Matematyki Dyskretnej",7006153730,1480343
"Matuszak, Michał",,"Mickiewicza","Wydział Matematyki i Informatyki UAM","Informatyka WMI UAM","Zakład Matematyki Dyskretnej",36245412500,3993590
"Mieczkowska-Chwedyna, Katarzyna",,"Mickiewicza","Wydział Matematyki i Informatyki UAM","Informatyka WMI UAM","Zakład Matematyki Dyskretnej",55293775500,3957531
"Nitschke, Łukasz",,"Mickiewicza","Wydział Matematyki i Informatyki UAM","Informatyka WMI UAM","Zakład Matematyki Dyskretnej",26022045500,
"Polcyn-Lewandowska, Joanna",,"Mickiewicza","Wydział Matematyki i Informatyki UAM","Informatyka WMI UAM","Zakład Matematyki Dyskretnej",13608790300,1480370
"Radziejewska, Mirosława","Radziejewska, Miroslawa","Mickiewicza","Wydział Matematyki i Informatyki UAM","Informatyka WMI UAM","Zakład Matematyki Dyskretnej",37003337300,
"Ruciński, Andrzej",,"Mickiewicza","Wydział Matematyki i Informatyki UAM","Informatyka WMI UAM","Zakład Matematyki Dyskretnej",7003799172,1480332
"Rybarczyk-Krzywdzińska, Katarzyna",,"Mickiewicza","Wydział Matematyki i Informatyki UAM","Informatyka WMI UAM","Zakład Matematyki Dyskretnej",23467800700,1480355
"Schoen, Tomasz",,"Mickiewicza","Wydział Matematyki i Informatyki UAM","Informatyka WMI UAM","Zakład Matematyki Dyskretnej",55930395200,1480313
"Šileikis, Matas",,"Mickiewicza","Wydział Matematyki i Informatyki UAM","Informatyka WMI UAM","Zakład Matematyki Dyskretnej",54986279400,
"Sokołowski, Przemysław",,"Mickiewicza","Wydział Matematyki i Informatyki UAM","Informatyka WMI UAM","Zakład Matematyki Dyskretnej",50361910800,
"Szymańska, Edyta",,"Mickiewicza","Wydział Matematyki i Informatyki UAM","Informatyka WMI UAM","Zakład Matematyki Dyskretnej",7003278821,1480326
"Taczała, Katarzyna",,"Mickiewicza","Wydział Matematyki i Informatyki UAM","Informatyka WMI UAM","Zakład Matematyki Dyskretnej",57203894153,4021416
"Witkowski, Łukasz",,"Mickiewicza","Wydział Matematyki i Informatyki UAM","Informatyka WMI UAM","Zakład Matematyki Dyskretnej",55625950800,
"Witkowski, Marcin",,"Mickiewicza","Wydział Matematyki i Informatyki UAM","Informatyka WMI UAM","Zakład Matematyki Dyskretnej",55626982900,3980572
"Basiukajc, Katarzyna",,"Mickiewicza","Wydział Matematyki i Informatyki UAM","Informatyka WMI UAM","Zakład Metod Przetwarzania Informacji Nieprecyzyjnej",57195637027,
"Dyczkowski, Krzysztof",,"Mickiewicza","Wydział Matematyki i Informatyki UAM","Informatyka WMI UAM","Zakład Metod Przetwarzania Informacji Nieprecyzyjnej",6506202384,1480318
"Kołodziejczak, Barbara",,"Mickiewicza","Wydział Matematyki i Informatyki UAM","Informatyka WMI UAM","Zakład Metod Przetwarzania Informacji Nieprecyzyjnej",56258180900,
"Makowski, Miłosz",,"Mickiewicza","Wydział Matematyki i Informatyki UAM","Informatyka WMI UAM","Zakład Metod Przetwarzania Informacji Nieprecyzyjnej",,
"Pałubicki, Wojciech","Palubicki, Wojtek|Palubicki, Wojciech","Mickiewicza","Wydział Matematyki i Informatyki UAM","Informatyka WMI UAM","Zakład Metod Przetwarzania Informacji Nieprecyzyjnej",56575103600,3984854
"Piłka, Tomasz",,"Mickiewicza","Wydział Matematyki i Informatyki UAM","Matematyka WMI UAM","Zakład Metod Przetwarzania Informacji Nieprecyzyjnej",34977471300,
"Siwek, Joanna",,"Mickiewicza","Wydział Matematyki i Informatyki UAM","Informatyka WMI UAM","Zakład Metod Przetwarzania Informacji Nieprecyzyjnej",,
"Stachowiak, Anna","Pankowska, Anna","Mickiewicza","Wydział Matematyki i Informatyki UAM","Informatyka WMI UAM","Zakład Metod Przetwarzania Informacji Nieprecyzyjnej",36659881800,1480351
"Szarzyński, Krzysztof",,"Mickiewicza","Wydział Matematyki i Informatyki UAM","Informatyka WMI UAM","Zakład Metod Przetwarzania Informacji Nieprecyzyjnej",,
"Wójtowicz, Andrzej",,"Mickiewicza","Wydział Matematyki i Informatyki UAM","Informatyka WMI UAM","Zakład Metod Przetwarzania Informacji Nieprecyzyjnej",57205738334,3990306
"Wygralak, Maciej",,"Mickiewicza","Wydział Matematyki i Informatyki UAM","Informatyka WMI UAM","Zakład Metod Przetwarzania Informacji Nieprecyzyjnej",6602713960,1480291
"Żywica, Patryk",,"Mickiewicza","Wydział Matematyki i Informatyki UAM","Informatyka WMI UAM","Zakład Metod Przetwarzania Informacji Nieprecyzyjnej",56487903400,3992437
"Borkowski, Marcin",,"Mickiewicza","Wydział Matematyki i Informatyki UAM","Matematyka WMI UAM","Zakład Optymalizacji i Sterowania",7006654490,1480352
"Bugajewska, Daria",,"Mickiewicza","Wydział Matematyki i Informatyki UAM","Matematyka WMI UAM","Zakład Optymalizacji i Sterowania",56400939700,1480327
"Bugajewski, Dariusz",,"Mickiewicza","Wydział Matematyki i Informatyki UAM","Matematyka WMI UAM","Zakład Optymalizacji i Sterowania",55971372100,1480312
"Burchardt, Adam",,"Mickiewicza","Wydział Matematyki i Informatyki UAM","Matematyka WMI UAM","Zakład Optymalizacji i Sterowania",57200043629,4021397
"Grzybowski, Jerzy",,"Mickiewicza","Wydział Matematyki i Informatyki UAM","Matematyka WMI UAM","Zakład Optymalizacji i Sterowania",7005545390,1480339
"Kasprzak, Piotr",,"Mickiewicza","Wydział Matematyki i Informatyki UAM","Matematyka WMI UAM","Zakład Optymalizacji i Sterowania",26634014400,3916832
"Nawrocki, Adam",,"Mickiewicza","Wydział Matematyki i Informatyki UAM","Matematyka WMI UAM","Zakład Optymalizacji i Sterowania",57196460123,
"Przybycień, Hubert",,"Mickiewicza","Wydział Matematyki i Informatyki UAM","Matematyka WMI UAM","Zakład Optymalizacji i Sterowania",17346508400,1480322
"Sadowski, Jędrzej",,"Mickiewicza","Wydział Matematyki i Informatyki UAM","Matematyka WMI UAM","Zakład Optymalizacji i Sterowania",57194527338,4021412
"Stroiński, Tomasz",,"Mickiewicza","Wydział Matematyki i Informatyki UAM","Matematyka WMI UAM","Zakład Optymalizacji i Sterowania",,
"Urbański, Ryszard",,"Mickiewicza","Wydział Matematyki i Informatyki UAM","Matematyka WMI UAM","Zakład Optymalizacji i Sterowania",6603797052,923977
"Chawziuk, Tadeusz",,"Mickiewicza","Wydział Matematyki i Informatyki UAM","Matematyka WMI UAM","Zakład Przestrzeni Funkcyjnych i Równań Różniczkowych",57115410200,4021399
"Cichoń, Mieczysław",,"Mickiewicza","Wydział Matematyki i Informatyki UAM","Matematyka WMI UAM","Zakład Przestrzeni Funkcyjnych i Równań Różniczkowych",7003608372,923959
"Foralewski, Paweł",,"Mickiewicza","Wydział Matematyki i Informatyki UAM","Matematyka WMI UAM","Zakład Przestrzeni Funkcyjnych i Równań Różniczkowych",6507220605,1480311
"Hudzik, Henryk",,"Mickiewicza","Wydział Matematyki i Informatyki UAM","Matematyka WMI UAM","Zakład Przestrzeni Funkcyjnych i Równań Różniczkowych",35609253900,902327
"Kaczmarek, Radosław",,"Mickiewicza","Wydział Matematyki i Informatyki UAM","Matematyka WMI UAM","Zakład Przestrzeni Funkcyjnych i Równań Różniczkowych",24436174100,1480356
"Kisiołek, Anna",,"Mickiewicza","Wydział Matematyki i Informatyki UAM","Matematyka WMI UAM","Zakład Przestrzeni Funkcyjnych i Równań Różniczkowych",,
"Kończak, Joanna",,"Mickiewicza","Wydział Matematyki i Informatyki UAM","Matematyka WMI UAM","Zakład Przestrzeni Funkcyjnych i Równań Różniczkowych",57209643766,
"Kowalewski, Wojciech",,"Mickiewicza","Wydział Matematyki i Informatyki UAM","Matematyka WMI UAM","Zakład Przestrzeni Funkcyjnych i Równań Różniczkowych",8850294600,1480310
"Kubiaczyk, Ireneusz",,"Mickiewicza","Wydział Matematyki i Informatyki UAM","Matematyka WMI UAM","Zakład Przestrzeni Funkcyjnych i Równań Różniczkowych",56070850000,924055
"Leśnik, Karol",,"Mickiewicza","Wydział Matematyki i Informatyki UAM","Matematyka WMI UAM","Zakład Przestrzeni Funkcyjnych i Równań Różniczkowych",35743117100,
"Metwali, Mohamed",,"Mickiewicza","Wydział Matematyki i Informatyki UAM","Matematyka WMI UAM","Zakład Przestrzeni Funkcyjnych i Równań Różniczkowych",50462114900,
"Panfil, Agata",,"Mickiewicza","Wydział Matematyki i Informatyki UAM","Matematyka WMI UAM","Zakład Przestrzeni Funkcyjnych i Równań Różniczkowych",54895261600,
"Sikorska-Nowak, Aneta",,"Mickiewicza","Wydział Matematyki i Informatyki UAM","Matematyka WMI UAM","Zakład Przestrzeni Funkcyjnych i Równań Różniczkowych",21741260800,1480329
"Wisła, Marek",,"Mickiewicza","Wydział Matematyki i Informatyki UAM","Matematyka WMI UAM","Zakład Przestrzeni Funkcyjnych i Równań Różniczkowych",16033671400,1480331
"Czarnecki, Wojciech",,"Mickiewicza","Wydział Matematyki i Informatyki UAM","Informatyka WMI UAM","Zakład Przetwarzania Języka Naturalnego",55217611900,3980751
"Dwojak, Tomasz",,"Mickiewicza","Wydział Matematyki i Informatyki UAM","Informatyka WMI UAM","Zakład Przetwarzania Języka Naturalnego",57194689192,
"Graliński, Filip",,"Mickiewicza","Wydział Matematyki i Informatyki UAM","Informatyka WMI UAM","Zakład Przetwarzania Języka Naturalnego",15042197100,1480349
"Grundkiewicz, Roman",,"Mickiewicza","Wydział Matematyki i Informatyki UAM","Informatyka WMI UAM","Zakład Przetwarzania Języka Naturalnego",55871316500,4021404
"Jassem, Krzysztof",,"Mickiewicza","Wydział Matematyki i Informatyki UAM","Informatyka WMI UAM","Zakład Przetwarzania Języka Naturalnego",6506862359,922753
"Jaworski, Rafał",,"Mickiewicza","Wydział Matematyki i Informatyki UAM","Informatyka WMI UAM","Zakład Przetwarzania Języka Naturalnego",36696380900,3957889
"Junczys-Dowmunt, Marcin",,"Mickiewicza","Wydział Matematyki i Informatyki UAM","Informatyka WMI UAM","Zakład Przetwarzania Języka Naturalnego",36659282600,1480360
"Jurkiewicz, Dawid",,"Mickiewicza","Wydział Matematyki i Informatyki UAM","Informatyka WMI UAM","Zakład Przetwarzania Języka Naturalnego",,79564667
"Lorens, Leszek",,"Mickiewicza","Wydział Matematyki i Informatyki UAM","Informatyka WMI UAM","Zakład Przetwarzania Języka Naturalnego",,
"Pawluczuk, Łukasz",,"Mickiewicza","Wydział Matematyki i Informatyki UAM","Informatyka WMI UAM","Zakład Przetwarzania Języka Naturalnego",57115534400,
"Piskadło, Bartosz",,"Mickiewicza","Wydział Matematyki i Informatyki UAM","Informatyka WMI UAM","Zakład Przetwarzania Języka Naturalnego",,
"Skórzewski, Paweł","Skórzewski, Pawel","Mickiewicza","Wydział Matematyki i Informatyki UAM","Informatyka WMI UAM","Zakład Przetwarzania Języka Naturalnego",36919199400,3980677
"Szał, Arkadiusz",,"Mickiewicza","Wydział Matematyki i Informatyki UAM","Informatyka WMI UAM","Zakład Przetwarzania Języka Naturalnego",25925518800,
"Walas, Marcin",,"Mickiewicza","Wydział Matematyki i Informatyki UAM","Informatyka WMI UAM","Zakład Przetwarzania Języka Naturalnego",36659934500,
"Ziętkiewicz, Tomasz",,"Mickiewicza","Wydział Matematyki i Informatyki UAM","Informatyka WMI UAM","Zakład Przetwarzania Języka Naturalnego",,4360371
"Górecki, Tomasz",,"Mickiewicza","Wydział Matematyki i Informatyki UAM","Informatyka WMI UAM","Zakład Rachunku Prawdopodobieństwa i Statystyki Matematycznej",9732940100,924005
"Grala-Michalak, Jolanta",,"Mickiewicza","Wydział Matematyki i Informatyki UAM","Informatyka WMI UAM","Zakład Rachunku Prawdopodobieństwa i Statystyki Matematycznej",,1480324
"Katulska, Krystyna",,"Mickiewicza","Wydział Matematyki i Informatyki UAM","Informatyka WMI UAM","Zakład Rachunku Prawdopodobieństwa i Statystyki Matematycznej",12765780500,1480284
"Krzyśko, Mirosław",,"Mickiewicza","Wydział Matematyki i Informatyki UAM","Informatyka WMI UAM","Zakład Rachunku Prawdopodobieństwa i Statystyki Matematycznej",56038568100,915410
"Piasecki, Paweł",,"Mickiewicza","Wydział Matematyki i Informatyki UAM","Informatyka WMI UAM","Zakład Rachunku Prawdopodobieństwa i Statystyki Matematycznej",9133223200,
"Smaga, Łukasz",,"Mickiewicza","Wydział Matematyki i Informatyki UAM","Informatyka WMI UAM","Zakład Rachunku Prawdopodobieństwa i Statystyki Matematycznej",55191296000,3993619
"Waszak, Łukasz",,"Mickiewicza","Wydział Matematyki i Informatyki UAM","Informatyka WMI UAM","Zakład Rachunku Prawdopodobieństwa i Statystyki Matematycznej",56039243700,
"Wołyński, Waldemar",,"Mickiewicza","Wydział Matematyki i Informatyki UAM","Informatyka WMI UAM","Zakład Rachunku Prawdopodobieństwa i Statystyki Matematycznej",8273073700,923993
"Gałązka, Marek",,"Mickiewicza","Wydział Matematyki i Informatyki UAM","Informatyka WMI UAM","Zakład Teorii Algorytmów i Bezpieczeństwa Danych",55165768300,
"Gogolewski, Marcin",,"Mickiewicza","Wydział Matematyki i Informatyki UAM","Informatyka WMI UAM","Zakład Teorii Algorytmów i Bezpieczeństwa Danych",8891497000,925489
"Hanćkowiak, Michał",,"Mickiewicza","Wydział Matematyki i Informatyki UAM","Informatyka WMI UAM","Zakład Teorii Algorytmów i Bezpieczeństwa Danych",56446964700,1480316
"Kalkowski, Maciej",,"Mickiewicza","Wydział Matematyki i Informatyki UAM","Informatyka WMI UAM","Zakład Teorii Algorytmów i Bezpieczeństwa Danych",26665519200,1480365
"Krzywdziński, Krzysztof",,"Mickiewicza","Wydział Matematyki i Informatyki UAM","Informatyka WMI UAM","Zakład Teorii Algorytmów i Bezpieczeństwa Danych",35113471700,1480368
"Ren, Michał",,"Mickiewicza","Wydział Matematyki i Informatyki UAM","Informatyka WMI UAM","Zakład Teorii Algorytmów i Bezpieczeństwa Danych",15043084500,1480354
"Rumiński, Andrzej",,"Mickiewicza","Wydział Matematyki i Informatyki UAM","Informatyka WMI UAM","Zakład Teorii Algorytmów i Bezpieczeństwa Danych",57205212407,
"Szymański, Jerzy",,"Mickiewicza","Wydział Matematyki i Informatyki UAM","Informatyka WMI UAM","Zakład Teorii Algorytmów i Bezpieczeństwa Danych",7005481204,
"Wawrzyniak, Wojciech",,"Mickiewicza","Wydział Matematyki i Informatyki UAM","Informatyka WMI UAM","Zakład Teorii Algorytmów i Bezpieczeństwa Danych",25652297700,1480362
"Witkowski, Rafał",,"Mickiewicza","Wydział Matematyki i Informatyki UAM","Informatyka WMI UAM","Zakład Teorii Algorytmów i Bezpieczeństwa Danych",35114163300,1480367
"Gąsiorowska, Alicja",,"Mickiewicza","Wydział Matematyki i Informatyki UAM","Matematyka WMI UAM","Zakład Teorii Funkcji Rzeczywistych",55617601100,
"Jaroszewska, Magdalena",,"Mickiewicza","Wydział Matematyki i Informatyki UAM","Matematyka WMI UAM","Zakład Teorii Funkcji Rzeczywistych",,
"Kubiak, Tomasz",,"Mickiewicza","Wydział Matematyki i Informatyki UAM","Matematyka WMI UAM","Zakład Teorii Funkcji Rzeczywistych",57025779100,1480335
"Małecka, Agnieszka","Wojciechowska, Agnieszka","Mickiewicza","Wydział Matematyki i Informatyki UAM","Matematyka WMI UAM","Zakład Teorii Funkcji Rzeczywistych",56764068200,3916830
"Musielak, Julian",,"Mickiewicza","Wydział Matematyki i Informatyki UAM","Matematyka WMI UAM","Zakład Teorii Funkcji Rzeczywistych",6507616891,
"Skrzypczak, Leszek",,"Mickiewicza","Wydział Matematyki i Informatyki UAM","Matematyka WMI UAM","Zakład Teorii Funkcji Rzeczywistych",6701338956,1480337
"Stoiński, Stanisław",,"Mickiewicza","Wydział Matematyki i Informatyki UAM","Matematyka WMI UAM","Zakład Teorii Funkcji Rzeczywistych",55999778700,1480307
"Tomasz, Bernadeta",,"Mickiewicza","Wydział Matematyki i Informatyki UAM","Matematyka WMI UAM","Zakład Teorii Funkcji Rzeczywistych",6504742620,1480325
"Trybuła, Maria",,"Mickiewicza","Wydział Matematyki i Informatyki UAM","Matematyka WMI UAM","Zakład Teorii Funkcji Rzeczywistych",55938518300,3994801
"Mastyło, Mieczysław",,"Mickiewicza","Wydział Matematyki i Informatyki UAM","Matematyka WMI UAM","Zakład Teorii Interpolacji i Aproksymacji",6701603794,971105
"Mleczko, Paweł",,"Mickiewicza","Wydział Matematyki i Informatyki UAM","Matematyka WMI UAM","Zakład Teorii Interpolacji i Aproksymacji",26429745300,1480358
"Rzeczkowski, Michał",,"Mickiewicza","Wydział Matematyki i Informatyki UAM","Matematyka WMI UAM","Zakład Teorii Interpolacji i Aproksymacji",57190755830,3998725
"Staniów, Bartosz",,"Mickiewicza","Wydział Matematyki i Informatyki UAM","Matematyka WMI UAM","Zakład Teorii Interpolacji i Aproksymacji",57193754710,
"Szwedek, Radosław",,"Mickiewicza","Wydział Matematyki i Informatyki UAM","Matematyka WMI UAM","Zakład Teorii Interpolacji i Aproksymacji",15077197400,1480353
"Buszkowski, Wojciech",,"Mickiewicza","Wydział Matematyki i Informatyki UAM","Informatyka WMI UAM","Zakład Teorii Obliczeń",6603431317,1480297
"Kandulski, Maciej",,"Mickiewicza","Wydział Matematyki i Informatyki UAM","Informatyka WMI UAM","Zakład Teorii Obliczeń",6508149046,
"Kołowska-Gawiejnowicz, Mirosława",,"Mickiewicza","Wydział Matematyki i Informatyki UAM","Informatyka WMI UAM","Zakład Teorii Obliczeń",6506763334,1480344
"Lin, Zhe",,"Mickiewicza","Wydział Matematyki i Informatyki UAM","Informatyka WMI UAM","Zakład Teorii Obliczeń",54793185800,
"Moroz, Katarzyna",,"Mickiewicza","Wydział Matematyki i Informatyki UAM","Informatyka WMI UAM","Zakład Teorii Obliczeń",36659483100,1480359
"Płaczek, Paweł",,"Mickiewicza","Wydział Matematyki i Informatyki UAM","Informatyka WMI UAM","Zakład Teorii Obliczeń",,
